World..Industrial.Production.Growth..Monthly World,World..Industrial.Production.Growth..Monthly OECD,World..Industrial.Production.Growth..Monthly Non-OECD,World..Industrial.Production.Growth..Monthly Advanced Economies,World..Industrial.Production.Growth..Monthly Emerging Markets,World..Industrial.Production.Growth..Monthly Canada,World..Industrial.Production.Growth..Monthly Mexico,World..Industrial.Production.Growth..Monthly NAFTA,World..Industrial.Production.Growth..Monthly USA & Canada,World..Industrial.Production.Growth..Monthly Austria,World..Industrial.Production.Growth..Monthly Belgium,World..Industrial.Production.Growth..Monthly Denmark
4.892280241,4.758624732,5.631238785,4.78407185,5.837031094,8.856638363,7.460184409,5.377752505,5.259848019,4.441451635,16.46231525,0.210084034
6.16368541,5.597600091,9.195491174,5.459993071,9.745958715,8.302753613,9.298393914,5.410112008,5.167697109,9.054048967,20.51136611,1.92513369
5.54077043,5.334988221,6.609711533,5.362014668,6.694272757,9.677406065,8.070714835,5.589116939,5.439167359,7.599989495,14.31914744,0.418410042
6.242726711,6.32131552,5.863320727,6.427380501,5.595640395,8.678388183,3.739061257,5.639160415,5.761123552,8.02631675,24.49212413,6.340378198
6.739049397,6.305409389,8.974263619,6.294723878,8.691119588,10.35129897,8.963367108,5.472941995,5.290784823,7.225811887,32.52401115,7.196562836
6.402367016,5.939524203,8.721117252,5.969040949,8.443187474,8.9321787,6.87593423,5.522129571,5.445609686,6.60622744,15.1959529,1.833872708
5.866749868,5.310526765,8.709268907,5.378229165,8.039276076,7.640905754,5.374716124,4.515128195,4.473309797,9.711273869,24.68474866,3.723986857
6.219726588,5.607445967,9.284810067,5.516978435,9.415042316,7.31909649,7.849056604,4.007581137,3.788503039,7.464596163,21.6386258,9.821428571
5.1697902,4.542517847,8.285381101,4.690425295,7.09363983,6.14532337,5.415713196,4.522261187,4.451838698,7.445431739,20.07359214,1.051524711
4.838796417,4.131034195,8.388078214,3.994620214,8.540427341,6.500911068,6.566037736,3.025574965,2.812985707,6.760197867,19.75250177,0
4.232964362,3.577419733,7.487303774,3.532226724,7.214329941,5.321900043,3.869499241,2.347425585,2.247229806,5.74572067,24.1875504,-3.112449799
3.625207919,3.175789014,5.813017332,3.355779738,4.753720134,3.297158763,-1.461538462,0.938753458,1.058870562,8.281824181,20.39745032,-1.273261508
2.510490104,1.919905274,5.435692137,1.561006323,6.564629632,0.168634702,2.316380655,0.217986179,0.09849189,10.56702036,17.18086493,2.51572327
2.073722479,1.025903898,7.23718565,1.326314788,5.366371861,0.550922378,-2.971539056,-0.917325006,-0.786573984,6.567541964,11.15411857,3.88247639
0.813621742,-0.113061268,5.386077865,-0.101743332,4.713861585,-1.252023786,-2.062233286,-1.555770754,-1.526400723,5.947967622,8.075798926,4.6875
-0.305870959,-1.362377774,4.951682665,-1.362047491,4.222289937,-1.067524696,-2.521932515,-2.353196253,-2.338965599,2.557864814,4.180586457,2.30125523
-1.492857215,-2.384184333,2.887651885,-2.499193227,2.923958999,-2.282369069,-2.654220315,-3.205816507,-3.219621802,1.20337402,3.212553312,-4.709418838
-2.077631161,-2.838342124,1.637398769,-3.018641648,2.20944985,-3.666749168,-4.035594406,-3.962246966,-3.967304717,2.187117898,12.57576088,2.118644068
-2.910920776,-3.846463501,1.687215425,-4.040965491,1.933587061,-4.467101776,-3.73125,-4.180833077,-4.208497048,1.794258778,4.059107937,1.900739176
-2.983337148,-3.743224742,0.720042886,-3.962735553,1.133153329,-4.751282787,-4.07179846,-4.214682893,-4.221659807,2.155686484,5.156948645,1.930894309
-3.723063217,-4.374935807,-0.562694309,-4.650774793,0.351552433,-6.316962562,-5.043560058,-5.029696962,-5.047460884,1.194747744,0.383833939,1.97710718
-4.140971949,-5.011035542,0.12334062,-5.184410632,0.465634015,-6.044483691,-3.875212465,-4.992680099,-5.066558908,2.867389384,1.352980837,-1.63599182
-5.007543082,-5.906003822,-0.60034036,-6.07756128,-0.279984881,-5.76018996,-3.304601899,-5.377658019,-5.515550088,-3.005771751,-2.286543031,3.626943005
-5.154390576,-5.856614211,-1.748724766,-6.077703186,-1.21907819,-7.314056432,-2.856752537,-5.162491219,-5.315627315,-2.853885916,-4.131541361,-3.273809524
-2.944657322,-4.220701399,3.417866364,-4.16471035,2.391973744,-1.771080654,-3.30106976,-3.756191243,-3.760383486,-0.815857705,-2.672398753,1.942740286
-3.52271682,-3.834166282,-2.007765622,-4.115307826,-1.056244416,-0.473189691,-2.340946517,-3.126515056,-3.173459396,-1.395351603,-0.840124679,-1.414141414
-2.121188098,-2.657879147,0.495237863,-2.713330301,0.515036545,0.174607039,-7.452187901,-2.526459477,-2.210933888,-1.754386188,3.701090969,-2.885572139
-0.438464516,-1.426203131,4.488563692,-1.735699062,5.53243608,1.489004392,8.54596834,-0.89897894,-1.490672476,3.800473893,-1.533753045,1.226993865
0.381915369,-0.346177549,3.99067076,-0.256598619,3.27436507,1.231160066,0.646927681,-0.311908307,-0.356609521,2.615927735,0.099903595,4.416403785
0.640489646,0.001514811,3.793143376,0.139542991,2.766271643,1.661189445,-1.08504683,1.093315202,1.215101085,3.448277201,-3.969897158,2.178423237
1.99188968,1.254190701,5.679683704,1.254439049,5.292173618,3.930727332,2.039459398,1.501278253,1.462446626,0.470044735,3.479532252,3.937823834
1.496663099,0.875327904,4.584281608,1.010036117,3.907075542,3.331581429,0.133278475,1.705904882,1.797951372,-2.227429719,-0.279981535,-1.794616152
2.80357563,2.018803136,6.733760133,2.082169941,6.060714328,4.04064198,-0.25306752,2.071347587,2.203169535,2.00708249,0.973061612,0.408163265
3.301911558,2.502692638,7.336575189,2.54153275,6.797159036,4.503499023,1.540063156,2.337268747,2.388057005,-1.277587801,3.546395973,6.444906445
3.940579218,3.290133072,7.221760471,3.34885315,6.563008847,3.455336875,-0.711911525,3.115453079,3.360640805,2.145408869,4.717862481,-0.8
3.357986697,2.550595107,7.422968058,2.591304074,6.612266109,4.197612258,1.682008671,2.87020836,2.947504869,0.705060708,1.967307687,-0.307692308
3.710855299,2.969882342,7.509178132,2.976397983,7.052069819,1.94557912,1.286309855,2.762905258,2.886100893,6.815514379,4.329257863,-1.203610832
3.893657046,2.64418329,10.34021279,2.695836857,9.114056164,0.759034866,0.692893848,3.054596717,3.203666184,5.54245221,0.894720901,3.176229508
3.213979734,2.005575414,9.444863946,1.902462419,9.0023836,0.633793457,3.832614706,2.389844923,2.292956584,6.785704801,-2.337957245,1.639344262
1.898794335,0.963544531,6.714322017,1.100769165,5.375012569,-1.19386781,-7.833666791,0.443930893,0.998599506,1.945078738,5.206288902,2.222222222
0.905461072,-0.155328918,6.375665343,-0.272533368,6.202385673,-1.19034242,-3.490680484,0.252465934,0.500674763,1.158752979,1.819382148,-1.309164149
1.293598482,0.004737884,7.971893765,-0.097386775,7.202475542,-0.692922534,-3.247433084,-0.517933414,-0.370584168,1.37930051,-0.171067837,-0.406091371
1.825848062,0.649392277,7.895569098,0.577705203,7.294202225,-0.788738914,-2.986225905,0.093554023,0.270617797,3.508772376,5.453137443,-0.598205384
1.165575628,-0.231228292,8.403643364,-0.271092977,7.175049716,-1.883038442,-4.582503213,-0.301869718,-0.052210726,7.074342874,1.16490534,2.944162437
2.032671542,0.595217989,9.458861949,0.546268989,8.384815569,0.763007351,-1.798862765,0.52095799,0.654360276,2.430563603,3.45805394,2.845528455
2.904650191,1.607307956,9.558833665,1.578938915,8.315243894,0.421948834,-1.365456325,0.778994951,0.911531473,3.999997439,1.533696475,-2.734375
2.482897502,1.272041493,8.70330797,1.345877096,7.070225014,1.036023299,-1.705932408,0.983761714,1.14389435,3.850639788,-0.643597512,-1.310483871
4.142502702,2.407356594,13.08444534,2.245996135,12.31572537,2.484419965,2.509469261,1.636542704,1.595506773,6.417728747,10.30095136,-1.234567901
2.773747106,1.845507219,7.441455013,1.700731514,7.000148169,1.382617021,0.853432075,1.092464344,1.134647953,0.77008354,-0.728850929,-2.030456853
3.949940811,2.272157656,12.43256605,2.304930352,11.08792079,0.454548875,3.124633096,1.346884665,1.244658732,2.346376486,4.271937084,-2.482621648
3.64806764,2.260510161,10.64392477,2.061841985,10.1939797,1.493185009,5.580877768,1.249093153,1.008588594,2.229662979,6.246736886,-1.411290323
4.468397057,3.251485959,10.55057587,3.094593438,9.844130309,2.084296356,2.968833103,2.257123717,2.20721964,4.040399846,5.394427136,-2.56916996
5.091211383,3.889383021,11.08915848,3.849131735,9.983180511,1.722111871,2.260533833,2.835262131,2.876242599,6.872853262,3.017913218,-0.306122449
5.163266286,3.829856618,11.7508996,3.742357168,11.11977046,2.871934729,4.456860413,2.337821287,2.207233557,6.009077387,14.11478658,2.140672783
4.60406098,3.346082999,10.77142293,3.299466582,9.995529536,1.136641546,2.388557338,2.490193494,2.475882633,7.118642484,8.54006285,-2.908726179
4.605121914,3.245983531,11.20565953,3.104924226,10.95191165,2.808059401,4.896892981,3.004320046,2.883830051,6.606944936,8.562362156,-4.733727811
4.333953802,3.06344302,10.44321501,2.936242997,10.04359664,1.336573967,5.913550616,2.439795602,2.238061273,8.587558561,9.199966927,-3.557312253
3.419786074,2.167199875,9.402760559,2.125833878,8.757825205,1.025811339,2.662308584,3.117108618,3.146262864,9.276026873,10.11168963,-3.815261044
3.877271474,2.465802977,10.66176131,2.289185576,10.62187892,1.153388335,5.941008535,2.811987728,2.62877359,9.325837696,11.94447571,-1.123595506
3.406694492,2.036412169,9.791544304,1.980413993,9.100365509,0.662022591,3.605622074,3.31602862,3.305137469,5.263156639,8.392282238,2.604166667
3.80284735,2.375434811,10.66544439,2.472510153,9.406091768,1.869037262,3.128724592,3.46933183,3.517605797,4.585143915,11.70997627,2.694300518
2.77836707,2.154419484,5.539633292,1.785307443,6.635186346,1.653394065,1.83074914,3.454094441,3.550979821,5.67685107,4.948671795,-1.731160896
3.151734302,2.025291457,8.237354079,2.141727874,7.336632152,-0.121578965,-3.659099973,3.415758771,3.860996309,5.56160996,5.901159075,1.533742331
3.768355183,2.461861092,9.64703382,2.319456706,9.526866028,1.080441084,6.509962848,3.835026489,3.658091099,6.580367382,3.886281079,5.273833671
3.027340016,1.7257023,8.879442021,1.547471685,8.660286813,2.186348273,4.439686748,3.292447569,3.231807591,6.32367703,3.994777295,2.763561924
3.458726838,2.319185626,8.440496097,2.178125011,8.235151803,0.782400963,2.871865943,4.196186584,4.273251368,7.914440507,2.632324995,2.395209581
2.709573703,1.74217288,6.932536858,1.698812098,6.410460684,1.810240919,-0.614026615,3.270776434,3.481309104,6.223618835,-0.74053649,1.342975207
3.61371346,2.453728742,8.506245231,2.286644227,8.281962224,1.758496806,4.485539667,3.493181724,3.428210671,5.042015366,1.514499005,3.105590062
2.935679738,1.721674513,8.002531645,1.572173022,7.867941156,1.697001053,3.111032424,1.629424775,1.539470248,5.515095025,2.202900058,3.893442623
2.919635696,1.832656587,7.427683378,1.459481455,8.204830037,1.536574915,3.045087192,1.851082203,1.784059391,6.62525684,-0.916753966,3.027139875
4.00802929,2.985607718,8.248607861,2.764755045,8.55232995,2.275678388,4.383049476,2.669528848,2.567670082,6.988701437,4.671563688,2.892561983
4.153588837,3.225030226,7.839537205,2.943008621,8.462238108,3.422832926,4.884056017,2.697921964,2.564101723,7.291672098,3.820602586,4.873096447
3.50228997,2.642433568,7.074892246,2.409940237,7.646400324,1.629627467,7.365985726,2.409232428,2.119388286,8.350728673,1.663382637,3.935418769
4.133047991,2.431016106,10.93513845,2.566863145,9.570123832,2.206868598,5.214549666,1.868814461,1.653751496,7.23139871,8.8694092,7.150259067
4.407265656,3.195406126,9.183869551,2.79579563,9.887443537,3.180535599,11.95867304,2.565894924,2.02182373,7.851240273,4.873972845,4.934541793
3.21886446,2.385422321,6.483748333,2.291979739,6.397121001,1.063751662,0.645618359,2.034380022,2.121352886,6.072875743,1.534929657,-1.637764933
4.613387335,3.47724403,9.011549676,3.166045976,9.719318164,0.254910398,7.990656404,2.141031032,1.778807421,7.157262665,9.384723465,6.374501992
4.318834201,3.258416474,8.378586504,3.015164666,8.705582241,0.020516428,7.856974034,2.080060748,1.722183163,6.144697122,7.290450531,2.2417154
4.284960572,3.059022157,9.005668014,2.785021522,9.204990426,-0.001096211,8.297523133,2.274427837,1.894486683,8.04370248,6.771911774,6.014271152
4.554470035,3.624795016,8.010863745,3.440116243,8.153821223,-0.441955535,4.997915331,2.107768106,1.930569924,8.700003754,6.542199482,4.016064257
4.581358126,3.686128501,7.858254021,3.534636272,7.871401112,-1.828211362,4.600663063,3.590242336,3.531262462,7.593688236,6.082231648,0.591715976
4.42549151,3.568077418,7.585154757,3.559939186,7.258989013,-1.351076059,5.901939997,2.519583897,2.327042848,6.893207915,10.65828274,7.80141844
4.140658377,2.740892686,9.246097774,2.515473533,9.333682244,-2.347314547,3.838917983,1.375649958,1.226923246,6.43611518,3.958705472,5.522088353
4.173332356,3.245592225,7.504110359,3.240974298,7.142391568,-2.533965425,0.636516388,1.559866908,1.625905654,8.252421594,5.903340148,3.000968054
4.447615972,2.603312626,11.17353278,2.360541576,11.01142344,-2.074310299,2.372741042,1.216431561,1.137772216,7.514460988,7.871959235,0.291262136
3.958926659,3.420701922,5.785155632,2.942596165,7.233077261,-0.38216239,2.007981407,2.245950077,2.246431056,9.055886463,7.510322863,0.096711799
4.138408799,3.027481275,7.996098471,2.796289977,8.202965221,-0.835203371,3.059122166,2.104520809,2.038264382,8.908045378,5.979465486,-2.207293666
4.050885031,2.533470603,9.379774732,2.386300912,9.090486329,-0.462150526,2.317867485,2.363368992,2.380595655,7.442747457,8.849194716,-0.881488737
4.331435677,2.962766344,9.027030532,2.912994789,8.538289809,-0.047287687,1.667106769,2.531725959,2.57928217,7.055504641,3.965995524,-7.490636704
3.907373094,2.456383002,8.854287943,2.349086606,8.72084026,0.481304577,0.687251699,2.178006445,2.271764612,5.228751462,4.273487942,-2.573879886
4.522995086,3.044397795,9.531694484,3.0437587,9.107019971,-0.603653345,2.915874686,2.208956205,2.148525817,4.503674494,8.328424907,-1.057692308
4.452427162,3.162819254,8.801340791,3.076956865,8.703100797,0.066971883,2.31059201,2.145999796,2.137280589,5.243783009,9.65149984,-1.737451737
3.918715498,2.755372495,7.818393944,2.656816925,7.747995792,0.858392929,1.168598317,2.635081081,2.740759184,3.849681854,6.00660011,-1.274509804
4.971962931,3.276823345,10.6007266,3.169180886,10.12363973,-0.373924138,3.439260368,2.312142241,2.256029052,3.996358267,7.511575264,-1.879699248
4.166849272,2.776676697,8.617274562,2.655134622,8.294181184,0.02696264,0.415088034,2.768817709,2.94175768,0.541512416,5.382721843,-1.99809705
3.55272852,1.775962465,9.290984467,1.828066198,8.392339445,-2.1321438,2.007092688,1.803592751,1.800627391,3.318391611,3.509761583,-4.887218045
4.738295173,3.085718687,9.796145239,2.929933142,9.437100809,-1.914345858,2.446187742,2.030129226,1.9700156,4.659494293,8.18519577,0
4.499675967,2.41150059,11.06735519,2.124377926,10.82000061,-3.567744807,5.811223327,0.973652118,0.609015419,4.505297143,4.332766062,-0.193236715
2.828641381,1.134343431,8.048551572,1.416430486,6.724270032,-3.425342807,-5.233888266,-0.073356987,0.288714692,4.133684572,8.539222173,-0.098135427
3.958396005,2.020023624,9.759009533,1.688878351,10.01502632,-3.117209258,6.594773089,-0.564363136,-1.038832065,4.440495001,9.92083311,2.173913043
1.559547811,-0.33606805,7.153643197,-0.441879946,6.709083845,-3.538428505,-0.587336654,-1.467031331,-1.548835337,3.25131422,6.057905622,4.55465587
1.438515513,-0.613500319,7.418129847,-0.686744464,6.576617416,-3.113494361,-0.4209864,-1.596310967,-1.692982037,2.129551772,3.06626043,-1.859099804
1.082059768,-0.978304009,7.050893535,-1.25765899,6.93479158,-1.24993107,-0.112076311,-1.815264161,-1.940237834,0.175900249,8.654714304,-2.332361516
-0.941877137,-3.144220802,5.472929314,-3.151487733,4.532757275,-2.687322625,-1.523545997,-3.467172982,-3.607245769,2.097906355,2.827590698,-0.884086444
-1.545887198,-4.377737067,6.738615832,-4.521098858,5.942150978,-3.248004404,-0.99270121,-7.291614575,-7.703408892,2.559577363,5.118563939,-0.893743793
-3.965222672,-6.160737499,2.299695838,-6.440009927,2.133720127,-2.538828267,-0.344171886,-6.167814843,-6.536157018,-2.445407152,-1.105526037,-5.363984674
-7.218517654,-9.083052351,-1.966346545,-9.2469741,-2.446495141,-3.66039185,-2.8568905,-7.772316777,-8.102256048,-2.513457081,-4.033835153,-6.116504854
-10.088611,-12.29728358,-3.856767352,-12.5828188,-4.352653863,-5.074024277,-3.594516265,-10.17222899,-10.59234743,-4.427080307,-4.075808052,-2.964426877
-14.06961907,-15.72823521,-9.477957098,-16.0103283,-9.818815597,-6.319870784,-10.62279377,-12.14663137,-12.27514014,-8.219175785,-14.32096107,-9.970958374
-14.39279174,-17.45329741,-5.372040924,-17.41352918,-6.981128797,-7.059834641,-12.28120734,-12.68019954,-12.69025193,-11.74978824,-13.98096664,-12.68151017
-14.0770412,-17.28409455,-4.60175382,-17.79372319,-4.90572292,-8.62918538,-5.65933861,-13.29077653,-13.81211305,-10.64189011,-12.91359632,-13.16306483
-14.47586279,-17.56745989,-5.341390408,-17.60722082,-6.843646572,-9.861993874,-12.37656974,-13.90974496,-13.96703343,-12.24489513,-14.43382393,-16.344294
-13.03186598,-16.16700331,-3.769193316,-16.2490875,-5.169506516,-11.38157398,-11.40812239,-14.33360752,-14.53440609,-13.95744118,-7.583247079,-18.48983543
-12.08071485,-15.28478836,-2.626442802,-15.48143164,-3.596030902,-11.53807082,-9.733319254,-14.38802123,-14.67969963,-10.86012026,-13.05312902,-15.65304088
-11.13801266,-14.40812807,-1.498864012,-14.52603881,-2.733027013,-12.72713735,-6.485981457,-13.36764589,-13.7656036,-9.745388672,-13.96001163,-13.03482587
-9.50141108,-12.7889852,0.17278989,-12.96516756,-0.95362477,-12.79595917,-8.24918949,-11.4587202,-11.6575733,-12.50000466,-8.601907,-15.95639247
-7.388661514,-10.20805523,0.841397592,-10.20464062,-0.458034415,-10.12498815,-5.933787592,-7.272272036,-7.331836044,-10.24096589,-10.47247114,-18.23647295
-5.488295728,-8.565564921,3.507959103,-8.621455727,2.486551491,-9.684586316,-6.378190979,-7.663937401,-7.71458026,-6.177265299,-8.594240994,-16.29554656
-1.74643188,-5.10922774,8.08606483,-5.04465351,6.86259104,-7.75646308,-2.42508933,-5.95459417,-6.14184647,-2.94659208,-2.14835529,-12.61633919
2.285101226,-0.773980928,11.09627487,-0.816950514,10.60130277,-5.649828966,0.455212133,-2.891880663,-3.062880795,-3.723890526,-3.299894265,-16.39511202
6.863461349,3.781280768,15.84389702,4.28280829,14.14921895,-3.01730159,2.404651677,0.3004004,0.166450823,-3.356905992,8.665310021,-11.07526882
7.485738604,6.253102035,10.81004319,6.493475326,10.34185726,-0.798740107,3.978356038,1.451948546,1.316192765,1.841018769,12.29002372,-4.988913526
9.72050391,8.36339309,13.30247757,8.77291433,12.5892722,2.11221149,7.54761221,3.93934532,3.72946823,-0.12374986,10.46954241,-1.69683258
10.01113741,8.728254204,13.28088566,9.143149728,12.50827496,3.796494836,6.836891882,5.091775095,4.996318014,2.497966122,11.40134726,-0.578034682
10.15553112,9.435672116,12.04281042,9.797597323,11.66286693,7.020673331,8.836731816,7.84956135,7.790988484,7.210382615,4.132873699,3.325415677
9.15606284,8.87565514,9.89998513,9.10484941,9.81306476,7.55417562,8.37758432,8.41905209,8.42315413,7.97645859,18.62730537,5.67375887
8.35390704,8.08170641,9.03385374,8.27871852,9.0392652,8.13426724,4.53710962,7.97639935,8.19600853,6.70778021,12.76997606,2.05949657
8.13030244,7.79548816,8.93256166,7.74298973,9.43232825,9.36837387,7.88533657,7.54696009,7.53357467,8.50555795,8.9264365,-0.11792453
7.00037389,6.588964927,7.960893035,6.546440714,8.365628565,5.84215791,7.072666651,6.794320333,6.787706135,6.320875149,12.31288587,10.41666667
6.67069027,5.98773854,8.22784306,6.14846028,8.00755337,5.88128929,4.25703676,6.05089736,6.16376175,4.67137549,12.18252055,6.28778718
6.886820588,6.122653026,8.602489349,6.350331076,8.314814362,5.624345571,6.125640812,5.940663357,5.941791102,6.863253754,13.21583731,3.668639053
6.97401154,6.53256892,7.92848364,6.45486747,8.38640814,8.3470283,5.25649744,6.61428308,6.70303068,5.02639058,9.28137784,7.42996346
6.336761067,5.384464593,8.469053561,5.252463779,8.869988693,6.93800284,6.017873308,5.501325559,5.44752835,7.878151261,7.421390247,8.706166868
6.192721562,5.051086907,8.737451254,4.899954607,9.126610487,4.889645122,4.93575612,4.45975469,4.438095495,6.857727738,9.636560012,0.933488915
3.83872661,2.06558578,7.67110286,1.84535151,8.21625886,5.07217411,4.76013151,4.72420618,4.70027141,8.23892894,10.60721436,1.26582278
2.70388909,1.34235559,5.59998556,0.97460894,6.56903112,4.35267587,1.68037096,3.6472355,3.77429799,8.43621399,6.14102212,4.30232558
2.937399823,1.34462773,6.425496257,0.861408731,7.591623859,0.963072284,4.018463071,2.411040468,2.305755326,6.626506024,12.798967,7.701149425
3.466943072,1.502387437,7.768168686,1.242708405,8.540723371,1.100143944,3.502032594,2.354491139,2.283243559,2.455795678,-2.556774623,-0.67114094
3.397174825,1.91139814,6.645080264,1.755216801,7.391958903,1.86511083,3.35277198,2.401928218,2.350122641,3.373015873,1.415621193,-0.896860987
3.93380935,2.46580646,7.11698609,2.37184353,7.82453007,3.25565267,3.96167425,2.82397487,2.75331505,2.84592738,8.61778415,3.65997639
3.41841587,1.86292804,6.75891754,1.61323844,7.67065402,4.93350613,3.94622064,2.85446072,2.78507884,3.23846909,3.13382018,-3.10765816
2.7641827,2.0634271,4.26142654,1.78379432,5.18761826,4.35996521,4.18044871,3.60257607,3.55848498,3.27380952,-0.29101048,0.11376564
2.216983374,1.212415632,4.318948469,0.838580821,5.273264983,2.458655253,3.954081563,3.342468495,3.318588825,2.31884058,-1.649931056,-0.114155251
1.992189718,0.688878662,4.729357213,0.420475427,5.361764216,2.083751447,3.261981272,2.960749235,2.921262622,4.692082111,0.60223391,0.340136054
1.804209036,0.960975173,3.560314985,0.434470482,4.76414491,1.790620887,5.146938198,3.763491026,3.651115838,3.407984421,-2.078621615,-2.224694105
2.458666895,0.889588381,5.692717639,0.732903509,6.037214235,0.978756103,6.575781451,4.572627588,4.457236556,-1.245210728,-2.660905575,2.774566474
2.96935512,2.443799652,4.016495588,2.251084989,4.391461813,-0.077624536,3.235746242,2.931115258,2.89383715,0.66603235,-1.554015698,-1.022727273
3.15067274,2.748498111,3.960516993,2.647430478,4.131662612,1.559780658,4.107476307,4.301746387,4.296451786,1.612903226,-7.696261773,-2.564102564
2.514359504,1.530344104,4.500025832,1.423421275,4.536676642,3.413657783,3.943091652,4.352215641,4.394781141,1.412429379,-7.514680864,-7.897545358
1.76789364,0.99605018,3.30633238,0.9021585,3.35902621,2.12275775,4.17963905,4.11473114,4.11965561,2.78044104,-0.57400738,-0.9009009
2.006295973,0.852242821,4.33625778,0.652168846,4.351979563,1.636557266,5.18457233,4.014133397,3.943794611,3.838771593,-0.587380675,2.488687783
1.084870104,-0.178474969,3.621376195,-0.26405259,3.371272704,-0.709062877,3.435613616,2.508526576,2.45214171,3.816793893,-5.02532216,2.277904328
0.628575872,-0.942259384,3.744729553,-1.035370404,3.545943149,-1.507522411,2.191534092,2.414905695,2.428627808,1.80608365,-3.91579931,0.229095074
1.372222686,-1.013036307,6.187034941,-1.087190276,5.934427817,-1.305329015,3.386989557,1.937636443,1.835054584,4.034582133,-3.647876877,0.681818182
1.240769251,-0.736177103,5.167062703,-0.906480591,5.229282883,-0.42415186,2.919764648,2.847082345,2.848225434,0.188857413,-4.098438659,1.142857143
0.77426864,-0.89295246,4.06547603,-0.70946174,3.54968551,-1.98048448,-1.14832451,2.02503013,2.21035215,-0.46685341,2.13869503,-2.03389831
0.881864335,-1.318363099,5.249317578,-1.25442623,4.894154032,-2.205594727,1.701038846,1.514110461,1.475054709,1.035781544,-0.646066243,2.616609784
0.25689195,-0.942548613,2.557540275,-1.10878827,2.782736788,-0.580106236,-1.150312184,1.926347387,2.168295239,2.618816683,-4.66166624,-0.899887514
0.865120747,-0.600000535,3.696169829,-0.613714514,3.652037293,-0.432178808,-2.32544438,2.72123534,3.061932461,-0.5,-1,1.033295063
1.306320223,-0.387871423,4.619322745,-0.524259377,4.784435923,-1.390962073,2.816641562,2.006702412,1.944502256,-1,-0.5,0.2
1.49284941,0.16876783,4.040667655,0.040196212,4.280676758,-0.946160409,2.703742259,2.006587426,1.974788504,-1,-0.1,0.1
2.119728071,0.792130062,4.661854588,0.647857492,4.843088618,-0.224965222,2.792106584,2.322947779,2.297696955,0.6,-0.2,0.1
2.072917426,0.650947867,4.785464142,0.505887475,4.985748466,-0.495792255,2.715521772,2.304207629,2.287088317,0.1,0.1,0.2
2.653562353,1.425649632,4.976572839,1.256058153,5.258424043,0.581994131,3.989870946,3.487918053,3.454353652,-0.3,0,0.3
3.590321192,2.723664577,5.187245288,2.536731384,5.525283493,1.171166531,5.050140287,3.766950155,3.665224851,1.8,0.3,0.3
3.679487281,2.988126449,4.931302551,2.840487305,5.226926081,1.282308313,4.843427317,4.171190773,4.115888107,1,0.4,0.3
3.872071303,3.087453897,5.284558153,2.91114098,5.624751509,1.481081442,5.513128893,3.418300743,3.268607385,3.5,0.6,0.4
3.89440823,3.032148362,5.456380074,2.66916942,6.020970173,1.727098343,8.133680579,3.802230528,3.454630715,3,0.6,0.5
4.035889662,3.340449308,5.266684599,3.215853664,5.391283693,2.182037903,4.382782513,3.800966064,3.733200221,2.6,0.7,0.7
4.032020984,3.18068565,5.550948278,2.972258665,5.846655341,2.402761577,8.978193676,3.371091343,2.989550747,4.2,0.7,1
4.158471377,3.287023692,5.70206156,3.04663708,5.997191259,2.549544524,9.285285644,3.293426646,2.84466854,5,0.8,0.5
4.22269165,3.167910577,6.092653379,3.051875886,6.165470389,2.544708948,6.176732959,3.593944196,3.409399075,4.5,0.5,0.6
4.200287529,3.042566755,6.242389058,2.962321601,6.232979456,2.601656302,5.893786023,3.582308816,3.415810479,4.1,0.4,0.4
4.155816364,2.912485773,6.334405531,2.841311749,6.303597689,2.642851941,5.489320701,3.505933985,3.359830275,3.1,-0.3,0.1
4.151455731,2.917459317,6.297003321,2.857579968,6.278606566,2.637032938,5.16684877,3.271316972,3.135533428,2.9,-0.1,0
4.153883907,2.835068847,6.443150298,2.800498309,6.360769145,2.670466526,4.173492955,3.11471623,3.036876277,2.9,0.3,0.4
4.203697245,2.828341948,6.569376565,2.83677512,6.387955508,2.711719836,3.287622478,2.982226317,2.95662723,2.5,0.5,0.6
4.211774921,2.82697516,6.581861448,2.869810423,6.326509981,2.775510173,3.053962869,2.866754166,2.859392645,2.3,0.8,0.8
4.251319584,2.823633907,6.678497428,2.906028906,6.331043403,2.821223001,2.368504804,2.803039671,2.841805716,2.1,1.4,1.1
4.344134408,2.79853402,6.974657015,2.901851908,6.560064169,2.863639746,0.766433468,2.737616816,2.868174266,2.2,1.7,1.2
4.364337699,2.813414328,6.990100804,2.91414723,6.587902614,2.90752818,0.913539404,2.868336643,3.006186181,2,1.8,1.4
4.467821082,2.918153108,7.089628917,2.986811759,6.73001465,2.939812789,2.147623547,2.981752782,3.068629893,2,1.6,1.6
4.547582795,2.98849429,7.178347296,3.060018803,6.83566694,2.965302752,2.149718531,3.06859329,3.123656033,1.8,1.5,1.6
4.637905369,3.124665045,7.183237896,3.16846141,6.900404378,2.976899305,3.806658111,3.212085556,3.165816846,1.8,1.6,1.6
4.687930999,3.212556956,7.15957928,3.255468158,6.88738969,2.994286169,3.795766935,3.247775818,3.210253264,1.8,1.7,1.6
4.728795861,3.245893997,7.201184096,3.280273516,6.950544907,3.010314665,3.836857394,3.291358647,3.251492863,1.8,1.4,1.6
4.706405023,3.225811407,7.166322482,3.293164812,6.874458799,3.019943473,3.836354627,3.338649021,3.303215908,1.8,1.5,1.6
4.735530506,3.250109083,7.196271,3.272415216,6.973672011,3.037069111,4.175920104,3.390270519,3.3278814,1.8,1.6,1.6
4.706301802,3.20669765,7.173828438,3.252100283,6.906451865,3.056613085,4.460267327,3.424018929,3.339258413,1.8,1.7,1.6
4.630329974,3.107749079,7.127068899,3.126107833,6.887498018,3.090749339,4.426664402,3.433081312,3.354944292,1.8,1.8,1.6
4.609768844,3.082134285,7.100409968,3.078499339,6.883670568,3.105926633,4.612831582,3.421691187,3.326877673,1.8,1.8,1.6
4.626983458,3.062590821,7.170212975,3.038172178,6.973016301,3.11441117,5.276592103,3.432919642,3.272822048,1.8,1.8,1.6
4.573404635,2.962120621,7.179704749,2.943136764,6.987534721,3.103555839,5.425853869,3.33063363,3.150208887,1.8,1.8,1.6
4.58653356,2.920323902,7.279358098,2.905259555,7.066977994,3.10833178,5.014944918,3.215939528,3.077031581,1.8,1.8,1.6
4.61141407,2.90766725,7.35549785,2.88081134,7.16451533,3.11598948,5.2258073,3.18642349,3.01029233,1.8,1.8,1.6
4.614321761,2.884073147,7.394758155,2.849004622,7.216192533,3.136027528,4.617949495,3.080335922,2.949488946,1.8,1.8,1.6
